{
  "distribution_stats": {
    "G1_NonRubric": {
      "mean": 17.973333333333333,
      "std": 0.4626545331046019,
      "min": 15.0,
      "max": 19.0,
      "skewness": 2.7316230051168184,
      "kurtosis": 7.628897064941798
    },
    "G2_RubricBased": {
      "mean": 19.0,
      "std": 1.2691486339407048,
      "min": 16.0,
      "max": 20.0,
      "skewness": 2.7247087472476252,
      "kurtosis": 7.60301179668938
    }
  },
  "accuracy_metrics": {
    "G1_NonRubric": {
      "MAE": 5.173333333333333,
      "RMSE": 6.755738301621815,
      "Correlation": 0.07130166033249392
    },
    "G2_RubricBased": {
      "MAE": 5.786666666666667,
      "RMSE": 7.5374619954818565,
      "Correlation": 0.07138422525812366
    }
  }
}